indicator,jenis_kelamin,usia_bulan,l,m,s,sd3neg,sd2neg,sd1neg,sd0,sd1,sd2,sd3
tbu,L,0,1,49.9,0.0381,44.2,46.1,48,49.9,51.8,53.7,55.6
tbu,L,1,1,54.7,0.0356,48.9,50.8,52.8,54.7,56.7,58.6,60.6
tbu,L,2,1,58.4,0.0342,52.4,54.4,56.4,58.4,60.4,62.4,64.4
tbu,L,3,1,61.4,0.0334,55.3,57.3,59.4,61.4,63.5,65.5,67.6
tbu,L,4,1,63.9,0.0329,57.6,59.7,61.8,63.9,66,68,70.1
tbu,L,5,1,65.9,0.0319,59.6,61.7,63.8,65.9,68,70.1,72.2
tbu,L,6,1,67.6,0.0318,61.2,63.3,65.5,67.6,69.8,71.9,74
tbu,L,7,1,69.2,0.0311,62.7,64.8,67,69.2,71.3,73.5,75.7
tbu,L,8,1,70.6,0.0312,64,66.2,68.4,70.6,72.8,75,77.2
tbu,L,9,1,72,0.0313,65.2,67.5,69.7,72,74.2,76.5,78.7
tbu,L,10,1,73.3,0.0314,66.4,68.7,71,73.3,75.6,77.9,80.1
tbu,L,11,1,74.5,0.0315,67.6,69.9,72.2,74.5,76.9,79.2,81.5
tbu,L,12,1,75.7,0.031,68.6,71,73.4,75.7,78.1,80.5,82.9
tbu,L,13,1,76.9,0.0312,69.6,72.1,74.5,76.9,79.3,81.8,84.2
tbu,L,14,1,78,0.0314,70.6,73.1,75.6,78,80.5,83,85.5
tbu,L,15,1,79.1,0.0322,71.6,74.1,76.6,79.1,81.7,84.2,86.7
tbu,L,16,1,80.2,0.0324,72.5,75,77.6,80.2,82.8,85.4,88
tbu,L,17,1,81.2,0.0326,73.3,76,78.6,81.2,83.9,86.5,89.2
tbu,L,18,1,82.3,0.0328,74.2,76.9,79.6,82.3,85,87.7,90.4
tbu,L,19,1,83.2,0.0331,75,77.7,80.5,83.2,86,88.8,91.5
tbu,L,20,1,84.2,0.0333,75.8,78.6,81.4,84.2,87,89.8,92.6
tbu,L,21,1,85.1,0.0335,76.5,79.4,82.3,85.1,88,90.9,93.8
tbu,L,22,1,86,0.0343,77.2,80.2,83.1,86,89,91.9,94.9
tbu,L,23,1,86.9,0.0345,78,81,83.9,86.9,89.9,92.9,95.9
tbu,L,24,1,87.1,0.035,78,81,84.1,87.1,90.2,93.2,96.3
tbu,L,25,1,88,0.0352,78.6,81.7,84.9,88,91.1,94.2,97.3
tbu,L,26,1,88.8,0.036,79.3,82.5,85.6,88.8,92,95.2,98.3
tbu,L,27,1,89.6,0.0363,79.9,83.1,86.4,89.6,92.9,96.1,99.3
tbu,L,28,1,90.4,0.0365,80.5,83.8,87.1,90.4,93.7,97,100.3
tbu,L,29,1,91.2,0.0367,81.1,84.5,87.8,91.2,94.5,97.9,101.2
tbu,L,30,1,91.9,0.037,81.7,85.1,88.5,91.9,95.3,98.7,102.1
tbu,L,31,1,92.7,0.0372,82.3,85.7,89.2,92.7,96.1,99.6,103
tbu,L,32,1,93.4,0.0375,82.8,86.4,89.9,93.4,96.9,100.4,103.9
tbu,L,33,1,94.1,0.0377,83.4,86.9,90.5,94.1,97.6,101.2,104.8
tbu,L,34,1,94.8,0.0385,83.9,87.5,91.1,94.8,98.4,102,105.6
tbu,L,35,1,95.4,0.0383,84.4,88.1,91.8,95.4,99.1,102.7,106.4
tbu,L,36,1,96.1,0.0385,85,88.7,92.4,96.1,99.8,103.5,107.2
tbu,L,37,1,96.7,0.0388,85.5,89.2,93,96.7,100.5,104.2,108
tbu,L,38,1,97.4,0.039,86,89.8,93.6,97.4,101.2,105,108.8
tbu,L,39,1,98,0.0388,86.5,90.3,94.2,98,101.8,105.7,109.5
tbu,L,40,1,98.6,0.0396,87,90.9,94.7,98.6,102.5,106.4,110.3
tbu,L,41,1,99.2,0.0398,87.5,91.4,95.3,99.2,103.2,107.1,111
tbu,L,42,1,99.9,0.0395,88,91.9,95.9,99.9,103.8,107.8,111.7
tbu,L,43,1,100.4,0.0403,88.4,92.4,96.4,100.4,104.5,108.5,112.5
tbu,L,44,1,101,0.0401,88.9,93,97,101,105.1,109.1,113.2
tbu,L,45,1,101.6,0.0404,89.4,93.5,97.5,101.6,105.7,109.8,113.9
tbu,L,46,1,102.2,0.0401,89.8,94,98.1,102.2,106.3,110.4,114.6
tbu,L,47,1,102.8,0.0404,90.3,94.4,98.6,102.8,106.9,111.1,115.2
tbu,L,48,1,103.3,0.0407,90.7,94.9,99.1,103.3,107.5,111.7,115.9
tbu,L,49,1,103.9,0.0404,91.2,95.4,99.7,103.9,108.1,112.4,116.6
tbu,L,50,1,104.4,0.0407,91.6,95.9,100.2,104.4,108.7,113,117.3
tbu,L,51,1,105,0.041,92.1,96.4,100.7,105,109.3,113.6,117.9
tbu,L,52,1,105.6,0.0412,92.5,96.9,101.2,105.6,109.9,114.2,118.6
tbu,L,53,1,106.1,0.0415,93,97.4,101.7,106.1,110.5,114.9,119.2
tbu,L,54,1,106.7,0.0412,93.4,97.8,102.3,106.7,111.1,115.5,119.9
tbu,L,55,1,107.2,0.0415,93.9,98.3,102.8,107.2,111.7,116.1,120.6
tbu,L,56,1,107.8,0.0417,94.3,98.8,103.3,107.8,112.3,116.7,121.2
tbu,L,57,1,108.3,0.0416,94.7,99.3,103.8,108.3,112.8,117.4,121.9
tbu,L,58,1,108.9,0.0418,95.2,99.7,104.3,108.9,113.4,118,122.6
tbu,L,59,1,109.4,0.042,95.6,100.2,104.8,109.4,114,118.6,123.2
tbu,L,60,1,110,0.0423,96.1,100.7,105.3,110,114.6,119.2,123.9
tbu,P,0,1,49.1,0.0377,43.6,45.4,47.3,49.1,51,52.9,54.7
tbu,P,1,1,53.7,0.0363,47.8,49.8,51.7,53.7,55.6,57.6,59.5
tbu,P,2,1,57.1,0.0359,51,53,55,57.1,59.1,61.1,63.2
tbu,P,3,1,59.8,0.0351,53.5,55.6,57.7,59.8,61.9,64,66.1
tbu,P,4,1,62.1,0.0354,55.6,57.8,59.9,62.1,64.3,66.4,68.6
tbu,P,5,1,64,0.0344,57.4,59.6,61.8,64,66.2,68.5,70.7
tbu,P,6,1,65.7,0.0342,58.9,61.2,63.5,65.7,68,70.3,72.5
tbu,P,7,1,67.3,0.0342,60.3,62.7,65,67.3,69.6,71.9,74.2
tbu,P,8,1,68.7,0.0342,61.7,64,66.4,68.7,71.1,73.5,75.8
tbu,P,9,1,70.1,0.035,62.9,65.3,67.7,70.1,72.6,75,77.4
tbu,P,10,1,71.5,0.0343,64.1,66.5,69,71.5,73.9,76.4,78.9
tbu,P,11,1,72.8,0.0343,65.2,67.7,70.3,72.8,75.3,77.8,80.3
tbu,P,12,1,74,0.0351,66.3,68.9,71.4,74,76.6,79.2,81.7
tbu,P,13,1,75.2,0.0346,67.3,70,72.6,75.2,77.8,80.5,83.1
tbu,P,14,1,76.4,0.0353,68.3,71,73.7,76.4,79.1,81.7,84.4
tbu,P,15,1,77.5,0.0348,69.3,72,74.8,77.5,80.2,83,85.7
tbu,P,16,1,78.6,0.0356,70.2,73,75.8,78.6,81.4,84.2,87
tbu,P,17,1,79.7,0.0358,71.1,74,76.8,79.7,82.5,85.4,88.2
tbu,P,18,1,80.7,0.0359,72,74.9,77.8,80.7,83.6,86.5,89.4
tbu,P,19,1,81.7,0.0361,72.8,75.8,78.8,81.7,84.7,87.6,90.6
tbu,P,20,1,82.7,0.0363,73.7,76.7,79.7,82.7,85.7,88.7,91.7
tbu,P,21,1,83.7,0.0364,74.5,77.5,80.6,83.7,86.7,89.8,92.9
tbu,P,22,1,84.6,0.0366,75.2,78.4,81.5,84.6,87.7,90.8,94
tbu,P,23,1,85.5,0.0374,76,79.2,82.3,85.5,88.7,91.9,95
tbu,P,24,1,85.7,0.0373,76,79.3,82.5,85.7,88.9,92.2,95.4
tbu,P,25,1,86.6,0.0381,76.8,80,83.3,86.6,89.9,93.1,96.4
tbu,P,26,1,87.4,0.0383,77.5,80.8,84.1,87.4,90.8,94.1,97.4
tbu,P,27,1,88.3,0.0385,78.1,81.5,84.9,88.3,91.7,95,98.4
tbu,P,28,1,89.1,0.0382,78.8,82.2,85.7,89.1,92.5,96,99.4
tbu,P,29,1,89.9,0.0389,79.5,82.9,86.4,89.9,93.4,96.9,100.3
tbu,P,30,1,90.7,0.0391,80.1,83.6,87.1,90.7,94.2,97.7,101.3
tbu,P,31,1,91.4,0.0388,80.7,84.3,87.9,91.4,95,98.6,102.2
tbu,P,32,1,92.2,0.039,81.3,84.9,88.6,92.2,95.8,99.4,103.1
tbu,P,33,1,92.9,0.0393,81.9,85.6,89.3,92.9,96.6,100.3,103.9
tbu,P,34,1,93.6,0.0401,82.5,86.2,89.9,93.6,97.4,101.1,104.8
tbu,P,35,1,94.4,0.0397,83.1,86.8,90.6,94.4,98.1,101.9,105.6
tbu,P,36,1,95.1,0.0405,83.6,87.4,91.2,95.1,98.9,102.7,106.5
tbu,P,37,1,95.7,0.0402,84.2,88,91.9,95.7,99.6,103.4,107.3
tbu,P,38,1,96.4,0.0405,84.7,88.6,92.5,96.4,100.3,104.2,108.1
tbu,P,39,1,97.1,0.0407,85.3,89.2,93.1,97.1,101,105,108.9
tbu,P,40,1,97.7,0.0404,85.8,89.8,93.8,97.7,101.7,105.7,109.7
tbu,P,41,1,98.4,0.0407,86.3,90.4,94.4,98.4,102.4,106.4,110.5
tbu,P,42,1,99,0.0409,86.8,90.9,95,99,103.1,107.2,111.2
tbu,P,43,1,99.7,0.0411,87.4,91.5,95.6,99.7,103.8,107.9,112
tbu,P,44,1,100.3,0.0414,87.9,92,96.2,100.3,104.5,108.6,112.7
tbu,P,45,1,100.9,0.0416,88.4,92.5,96.7,100.9,105.1,109.3,113.5
tbu,P,46,1,101.5,0.0419,88.9,93.1,97.3,101.5,105.8,110,114.2
tbu,P,47,1,102.1,0.0416,89.3,93.6,97.9,102.1,106.4,110.7,114.9
tbu,P,48,1,102.7,0.0419,89.8,94.1,98.4,102.7,107,111.3,115.7
tbu,P,49,1,103.3,0.0421,90.3,94.6,99,103.3,107.7,112,116.4
tbu,P,50,1,103.9,0.0423,90.7,95.1,99.5,103.9,108.3,112.7,117.1
tbu,P,51,1,104.5,0.0421,91.2,95.6,100.1,104.5,108.9,113.3,117.7
tbu,P,52,1,105,0.0424,91.7,96.1,100.6,105,109.5,114,118.4
tbu,P,53,1,105.6,0.0426,92.1,96.6,101.1,105.6,110.1,114.6,119.1
tbu,P,54,1,106.2,0.0428,92.6,97.1,101.6,106.2,110.7,115.2,119.8
tbu,P,55,1,106.7,0.0426,93,97.6,102.2,106.7,111.3,115.9,120.4
tbu,P,56,1,107.3,0.0429,93.4,98.1,102.7,107.3,111.9,116.5,121.1
tbu,P,57,1,107.8,0.0431,93.9,98.5,103.2,107.8,112.5,117.1,121.8
tbu,P,58,1,108.4,0.0429,94.3,99,103.7,108.4,113,117.7,122.4
tbu,P,59,1,108.9,0.0432,94.7,99.5,104.2,108.9,113.6,118.3,123.1
tbu,P,60,1,109.4,0.0434,95.2,99.9,104.7,109.4,114.2,118.9,123.7
bbu,L,0,-0.15,3.3,0.1515,2.1,2.5,2.9,3.3,3.9,4.4,5
bbu,L,1,-0.15,4.5,0.1333,2.9,3.4,3.9,4.5,5.1,5.8,6.6
bbu,L,2,-0.15,5.6,0.125,3.8,4.3,4.9,5.6,6.3,7.1,8
bbu,L,3,-0.15,6.4,0.1172,4.4,5,5.7,6.4,7.2,8,9
bbu,L,4,-0.15,7,0.1143,4.9,5.6,6.2,7,7.8,8.7,9.7
bbu,L,5,-0.15,7.5,0.1133,5.3,6,6.7,7.5,8.4,9.3,10.4
bbu,L,6,-0.15,7.9,0.1076,5.7,6.4,7.1,7.9,8.8,9.8,10.9
bbu,L,7,-0.15,8.3,0.1084,5.9,6.7,7.4,8.3,9.2,10.3,11.4
bbu,L,8,-0.15,8.6,0.1105,6.2,6.9,7.7,8.6,9.6,10.7,11.9
bbu,L,9,-0.15,8.9,0.1067,6.4,7.1,8,8.9,9.9,11,12.3
bbu,L,10,-0.15,9.2,0.1087,6.6,7.4,8.2,9.2,10.2,11.4,12.7
bbu,L,11,-0.15,9.4,0.1117,6.8,7.6,8.4,9.4,10.5,11.7,13
bbu,L,12,-0.15,9.6,0.1146,6.9,7.7,8.6,9.6,10.8,12,13.3
bbu,L,13,-0.15,9.9,0.1111,7.1,7.9,8.8,9.9,11,12.3,13.7
bbu,L,14,-0.15,10.1,0.1139,7.2,8.1,9,10.1,11.3,12.6,14
bbu,L,15,-0.15,10.3,0.1117,7.4,8.3,9.2,10.3,11.5,12.8,14.3
bbu,L,16,-0.15,10.5,0.1095,7.5,8.4,9.4,10.5,11.7,13.1,14.6
bbu,L,17,-0.15,10.7,0.1121,7.7,8.6,9.6,10.7,12,13.4,14.9
bbu,L,18,-0.15,10.9,0.1101,7.8,8.8,9.8,10.9,12.2,13.7,15.3
bbu,L,19,-0.15,11.1,0.1126,8,8.9,10,11.1,12.5,13.9,15.6
bbu,L,20,-0.15,11.3,0.115,8.1,9.1,10.1,11.3,12.7,14.2,15.9
bbu,L,21,-0.15,11.5,0.113,8.2,9.2,10.3,11.5,12.9,14.5,16.2
bbu,L,22,-0.15,11.8,0.1144,8.4,9.4,10.5,11.8,13.2,14.7,16.5
bbu,L,23,-0.15,12,0.1125,8.5,9.5,10.7,12,13.4,15,16.8
bbu,L,24,-0.15,12.2,0.1148,8.6,9.7,10.8,12.2,13.6,15.3,17.1
bbu,L,25,-0.15,12.4,0.1169,8.8,9.8,11,12.4,13.9,15.5,17.5
bbu,L,26,-0.15,12.5,0.116,8.9,10,11.2,12.5,14.1,15.8,17.8
bbu,L,27,-0.15,12.7,0.1181,9,10.1,11.3,12.7,14.3,16.1,18.1
bbu,L,28,-0.15,12.9,0.1163,9.1,10.2,11.5,12.9,14.5,16.3,18.4
bbu,L,29,-0.15,13.1,0.1183,9.2,10.4,11.7,13.1,14.8,16.6,18.7
bbu,L,30,-0.15,13.3,0.1203,9.4,10.5,11.8,13.3,15,16.9,19
bbu,L,31,-0.15,13.5,0.1185,9.5,10.7,12,13.5,15.2,17.1,19.3
bbu,L,32,-0.15,13.7,0.1204,9.6,10.8,12.1,13.7,15.4,17.4,19.6
bbu,L,33,-0.15,13.8,0.1196,9.7,10.9,12.3,13.8,15.6,17.6,19.9
bbu,L,34,-0.15,14,0.1214,9.8,11,12.4,14,15.8,17.8,20.2
bbu,L,35,-0.15,14.2,0.1197,9.9,11.2,12.6,14.2,16,18.1,20.4
bbu,L,36,-0.15,14.3,0.1224,10,11.3,12.7,14.3,16.2,18.3,20.7
bbu,L,37,-0.15,14.5,0.1207,10.1,11.4,12.9,14.5,16.4,18.6,21
bbu,L,38,-0.15,14.7,0.1224,10.2,11.5,13,14.7,16.6,18.8,21.3
bbu,L,39,-0.15,14.8,0.125,10.3,11.6,13.1,14.8,16.8,19,21.6
bbu,L,40,-0.15,15,0.1233,10.4,11.8,13.3,15,17,19.3,21.9
bbu,L,41,-0.15,15.2,0.125,10.5,11.9,13.4,15.2,17.2,19.5,22.1
bbu,L,42,-0.15,15.3,0.1242,10.6,12,13.6,15.3,17.4,19.7,22.4
bbu,L,43,-0.15,15.5,0.1258,10.7,12.1,13.7,15.5,17.6,20,22.7
bbu,L,44,-0.15,15.7,0.1274,10.8,12.2,13.8,15.7,17.8,20.2,23
bbu,L,45,-0.15,15.8,0.1266,10.9,12.4,14,15.8,18,20.5,23.3
bbu,L,46,-0.15,16,0.1281,11,12.5,14.1,16,18.2,20.7,23.6
bbu,L,47,-0.15,16.2,0.1265,11.1,12.6,14.3,16.2,18.4,20.9,23.9
bbu,L,48,-0.15,16.3,0.1288,11.2,12.7,14.4,16.3,18.6,21.2,24.2
bbu,L,49,-0.15,16.5,0.1303,11.3,12.8,14.5,16.5,18.8,21.4,24.5
bbu,L,50,-0.15,16.7,0.1287,11.4,12.9,14.7,16.7,19,21.7,24.8
bbu,L,51,-0.15,16.8,0.131,11.5,13.1,14.8,16.8,19.2,21.9,25.1
bbu,L,52,-0.15,17,0.1294,11.6,13.2,15,17,19.4,22.2,25.4
bbu,L,53,-0.15,17.2,0.1308,11.7,13.3,15.1,17.2,19.6,22.4,25.7
bbu,L,54,-0.15,17.3,0.1329,11.8,13.4,15.2,17.3,19.8,22.7,26
bbu,L,55,-0.15,17.5,0.1314,11.9,13.5,15.4,17.5,20,22.9,26.3
bbu,L,56,-0.15,17.7,0.1328,12,13.6,15.5,17.7,20.2,23.2,26.6
bbu,L,57,-0.15,17.8,0.1348,12.1,13.7,15.6,17.8,20.4,23.4,26.9
bbu,L,58,-0.15,18,0.1333,12.2,13.8,15.8,18,20.6,23.7,27.2
bbu,L,59,-0.15,18.2,0.1346,12.3,14,15.9,18.2,20.8,23.9,27.6
bbu,L,60,-0.15,18.3,0.1366,12.4,14.1,16,18.3,21,24.2,27.9
bbu,P,0,-0.15,3.2,0.1406,2,2.4,2.8,3.2,3.7,4.2,4.8
bbu,P,1,-0.15,4.2,0.1429,2.7,3.2,3.6,4.2,4.8,5.5,6.2
bbu,P,2,-0.15,5.1,0.1275,3.4,3.9,4.5,5.1,5.8,6.6,7.5
bbu,P,3,-0.15,5.8,0.1207,4,4.5,5.2,5.8,6.6,7.5,8.5
bbu,P,4,-0.15,6.4,0.125,4.4,5,5.7,6.4,7.3,8.2,9.3
bbu,P,5,-0.15,6.9,0.1232,4.8,5.4,6.1,6.9,7.8,8.8,10
bbu,P,6,-0.15,7.3,0.1164,5.1,5.7,6.5,7.3,8.2,9.3,10.6
bbu,P,7,-0.15,7.6,0.1184,5.3,6,6.8,7.6,8.6,9.8,11.1
bbu,P,8,-0.15,7.9,0.1266,5.6,6.3,7,7.9,9,10.2,11.6
bbu,P,9,-0.15,8.2,0.122,5.8,6.5,7.3,8.2,9.3,10.5,12
bbu,P,10,-0.15,8.5,0.1235,5.9,6.7,7.5,8.5,9.6,10.9,12.4
bbu,P,11,-0.15,8.7,0.1264,6.1,6.9,7.7,8.7,9.9,11.2,12.8
bbu,P,12,-0.15,8.9,0.1236,6.3,7,7.9,8.9,10.1,11.5,13.1
bbu,P,13,-0.15,9.2,0.125,6.4,7.2,8.1,9.2,10.4,11.8,13.5
bbu,P,14,-0.15,9.4,0.1223,6.6,7.4,8.3,9.4,10.6,12.1,13.8
bbu,P,15,-0.15,9.6,0.125,6.7,7.6,8.5,9.6,10.9,12.4,14.1
bbu,P,16,-0.15,9.8,0.1224,6.9,7.7,8.7,9.8,11.1,12.6,14.5
bbu,P,17,-0.15,10,0.125,7,7.9,8.9,10,11.4,12.9,14.8
bbu,P,18,-0.15,10.2,0.1225,7.2,8.1,9.1,10.2,11.6,13.2,15.1
bbu,P,19,-0.15,10.4,0.125,7.3,8.2,9.2,10.4,11.8,13.5,15.4
bbu,P,20,-0.15,10.6,0.1274,7.5,8.4,9.4,10.6,12.1,13.7,15.7
bbu,P,21,-0.15,10.9,0.1239,7.6,8.6,9.6,10.9,12.3,14,16
bbu,P,22,-0.15,11.1,0.1216,7.8,8.7,9.8,11.1,12.5,14.3,16.4
bbu,P,23,-0.15,11.3,0.1239,7.9,8.9,10,11.3,12.8,14.6,16.7
bbu,P,24,-0.15,11.5,0.1217,8.1,9,10.2,11.5,13,14.8,17
bbu,P,25,-0.15,11.7,0.1282,8.2,9.2,10.3,11.7,13.3,15.1,17.3
bbu,P,26,-0.15,11.9,0.1261,8.4,9.4,10.5,11.9,13.5,15.4,17.7
bbu,P,27,-0.15,12.1,0.124,8.5,9.5,10.7,12.1,13.7,15.7,18
bbu,P,28,-0.15,12.3,0.126,8.6,9.7,10.9,12.3,14,16,18.3
bbu,P,29,-0.15,12.5,0.124,8.8,9.8,11.1,12.5,14.2,16.2,18.7
bbu,P,30,-0.15,12.7,0.126,8.9,10,11.2,12.7,14.4,16.5,19
bbu,P,31,-0.15,12.9,0.1279,9,10.1,11.4,12.9,14.7,16.8,19.3
bbu,P,32,-0.15,13.1,0.126,9.1,10.3,11.6,13.1,14.9,17.1,19.6
bbu,P,33,-0.15,13.3,0.1278,9.3,10.4,11.7,13.3,15.1,17.3,20
bbu,P,34,-0.15,13.5,0.1296,9.4,10.5,11.9,13.5,15.4,17.6,20.3
bbu,P,35,-0.15,13.7,0.1314,9.5,10.7,12,13.7,15.6,17.9,20.6
bbu,P,36,-0.15,13.9,0.1295,9.6,10.8,12.2,13.9,15.8,18.1,20.9
bbu,P,37,-0.15,14,0.1286,9.7,10.9,12.4,14,16,18.4,21.3
bbu,P,38,-0.15,14.2,0.1338,9.8,11.1,12.5,14.2,16.3,18.7,21.6
bbu,P,39,-0.15,14.4,0.1319,9.9,11.2,12.7,14.4,16.5,19,22
bbu,P,40,-0.15,14.6,0.1336,10.1,11.3,12.8,14.6,16.7,19.2,22.3
bbu,P,41,-0.15,14.8,0.1318,10.2,11.5,13,14.8,16.9,19.5,22.7
bbu,P,42,-0.15,15,0.1367,10.3,11.6,13.1,15,17.2,19.8,23
bbu,P,43,-0.15,15.2,0.1349,10.4,11.7,13.3,15.2,17.4,20.1,23.4
bbu,P,44,-0.15,15.3,0.1373,10.5,11.8,13.4,15.3,17.6,20.4,23.7
bbu,P,45,-0.15,15.5,0.1355,10.6,12,13.6,15.5,17.8,20.7,24.1
bbu,P,46,-0.15,15.7,0.1401,10.7,12.1,13.7,15.7,18.1,20.9,24.5
bbu,P,47,-0.15,15.9,0.1384,10.8,12.2,13.9,15.9,18.3,21.2,24.8
bbu,P,48,-0.15,16.1,0.1398,10.9,12.3,14,16.1,18.5,21.5,25.2
bbu,P,49,-0.15,16.3,0.1411,11,12.4,14.2,16.3,18.8,21.8,25.5
bbu,P,50,-0.15,16.4,0.1433,11.1,12.6,14.3,16.4,19,22.1,25.9
bbu,P,51,-0.15,16.6,0.1416,11.2,12.7,14.5,16.6,19.2,22.4,26.3
bbu,P,52,-0.15,16.8,0.1429,11.3,12.8,14.6,16.8,19.4,22.6,26.6
bbu,P,53,-0.15,17,0.1441,11.4,12.9,14.8,17,19.7,22.9,27
bbu,P,54,-0.15,17.2,0.1453,11.5,13,14.9,17.2,19.9,23.2,27.4
bbu,P,55,-0.15,17.3,0.1445,11.6,13.2,15.1,17.3,20.1,23.5,27.7
bbu,P,56,-0.15,17.5,0.1457,11.7,13.3,15.2,17.5,20.3,23.8,28.1
bbu,P,57,-0.15,17.7,0.1497,11.8,13.4,15.3,17.7,20.6,24.1,28.5
bbu,P,58,-0.15,17.9,0.148,11.9,13.5,15.5,17.9,20.8,24.4,28.8
bbu,P,59,-0.15,18,0.15,12,13.6,15.6,18,21,24.6,29.2
bbu,P,60,-0.15,18.2,0.1484,12.1,13.7,15.8,18.2,21.2,24.9,29.5
